id,name,category,risk,coverage_state,has_nohuto_evidence,has_windows_internals_context,needs_review,source_repositories,matched_tokens,summary
audio.disable-spatial-audio,Disable Spatial Audio,Audio,Advanced,repo-backed,yes,no,no,win-config;win-registry;decompiled-pseudocode,audio;disablespatialonlowlatency,"Matched 2 audit token(s) across win-config, win-registry, decompiled-pseudocode. These links show where the name came from. Value semantics still come from the research record."
audio.disable-system-sounds,Disable System Sounds,Audio,Safe,repo-backed,yes,no,no,win-config;decompiled-pseudocode,appevents;schemes;apps;systemasterisk;current;notification;reminder;close;criticalbatteryalarm;systemhand;mailbeep;deviceconnect;devicedisconnect;devicefail;systemexclamation;lowbatteryalarm;maximize;menucommand;menupopup;messagenudge;minimize;faxbeep;mail;proximity;proximityconnection;open;printcomplete;appgpfault;systemquestion;restoredown;restoreup;ccselect;showband;systemnotification;changetheme;windowsuac;explorer;blockedpopup;activatingdocument;emptyrecyclebin;feeddiscovered;movemenuitem;securityband;navigating;sapisvr;disnumberssound;panelsound;misrecosound;huboffsound;hubonsound;hubsleepsound,"Matched 51 audit token(s) across win-config, decompiled-pseudocode. These links show where the name came from. Value semantics still come from the research record."
cleanup.background-history,Clear Wallpaper History,Cleanup,Safe,repo-backed,yes,no,no,win-config,background history;wallpapers;cachedfiles,Mapped to the exact nohuto cleanup section for wallpaper history registry values and cached background files.
cleanup.component-store,Cleanup Component Store,Cleanup,Safe,repo-backed,yes,no,no,win-config,winsxs;startcomponentcleanup;component store,Mapped to nohuto WinSxS cleanup guidance and Microsoft's DISM component store documentation.
cleanup.delivery-optimization,Clear Delivery Optimization Files,Cleanup,Safe,repo-backed,yes,no,no,win-config,delivery optimization;dosvc;downloader,Mapped to the exact nohuto cleanup section for Delivery Optimization cache and metadata paths.
cleanup.directx-shader-cache,Clear DirectX Shader Cache,Cleanup,Safe,repo-backed,yes,no,no,win-config,directx shader cache;d3dscache;nvidia cache,Mapped to the exact nohuto cleanup section for DirectX and vendor shader cache folders.
cleanup.disable-reserved-storage,Disable Reserved Storage,Cleanup,Advanced,repo-backed,yes,no,no,win-config,disable reserved storage,Matched 1 audit token(s) across win-config. These links show where the name came from. Value semantics still come from the research record.
cleanup.eventlog-system,Clear System Event Log,Cleanup,Advanced,category-fallback,yes,no,yes,win-config,,"Linked to the closest upstream win-config category docs, but this tweak still needs a stronger tweak-specific upstream match before being considered fully curated."
cleanup.font-cache,Clear Font Cache,Cleanup,Safe,repo-backed,yes,no,no,win-config,font cache;fontcache;fntcache.dat,Mapped to the exact nohuto cleanup section for FontCache service handling and cache file removal.
cleanup.internet-temp-files,Clear Temporary Internet Files,Cleanup,Safe,repo-backed,yes,no,no,win-config,temporary internet files;inetcache;webcache,"Mapped to the exact nohuto cleanup section for legacy WinINet cache, cookie, history, and WebCache paths."
cleanup.memory-dumps,Clear Memory Dump Files,Cleanup,Safe,repo-backed,yes,no,no,win-config,deletes;%windir%;memory;files;under;minidump;memory dump;livekernelreports;memory.dmp,Mapped to the exact nohuto cleanup section for LiveKernelReports and MEMORY.DMP removal.
cleanup.prefetch-files,Clear Prefetch Files,Cleanup,Safe,repo-backed,yes,yes,no,win-config,clears;prefetch;files;from;%windir%;over;time;sysmain;enableprefetcher,"Mapped to nohuto cleanup guidance for prefetch files, with Windows Internals context for SysMain and prefetch behavior."
cleanup.product-key,Remove Product Key from Registry,Cleanup,Advanced,repo-backed,yes,no,no,win-config,slmgr;cpky;remove;product;from;registry;does;automatically;runs;restore;product key,Mapped to nohuto product-key cleanup notes and the official slmgr /cpky documentation.
cleanup.recycle-bin,Empty Recycle Bin,Cleanup,Safe,repo-backed,yes,no,no,win-config,recycle bin;clear-recyclebin;$recycle.bin,Mapped to nohuto recycle-bin cleanup guidance and the official Clear-RecycleBin command.
cleanup.shadow-copies,Clear Shadow Copies,Cleanup,Risky,repo-backed,yes,no,no,win-config,shadow copies;vssadmin;delete shadows,Mapped to nohuto shadow-copy cleanup guidance and the official vssadmin command reference.
cleanup.srum-data,Clear SRUM Database,Cleanup,Advanced,repo-backed,yes,no,no,win-config,srum;srudb.dat;system resource usage monitor,Mapped to the exact nohuto cleanup section for the SRUM database path and usage notes.
cleanup.temp-files,Clear Temporary Files,Cleanup,Safe,repo-backed,yes,no,no,win-config,temporary files;%temp%;windows temp,Mapped to the exact nohuto cleanup section for per-user and system temp folders.
cleanup.thumbnail-cache,Clear Thumbnail Cache,Cleanup,Safe,repo-backed,yes,no,no,win-config,thumbnail cache;explorer;*.db,Mapped to the exact nohuto cleanup section for Explorer thumbnail cache databases.
cleanup.wer-files,Clear Windows Error Reporting Files,Cleanup,Safe,repo-backed,yes,no,no,win-config,wer;windows error reporting;programdata microsoft windows wer,Mapped to nohuto WER cleanup guidance and the official Windows Error Reporting documentation.
cleanup.windows-old,Delete Windows.old Folder,Cleanup,Risky,repo-backed,yes,no,no,win-config,windows.old;previous version of windows,Mapped to nohuto Windows.old cleanup guidance and the official Microsoft rollback warning.
cleanup.windows-update-cache,Clear Windows Update Cache,Cleanup,Advanced,repo-backed,yes,no,no,win-config,windows update cache;softwaredistribution;catroot2,Mapped to the exact nohuto cleanup section for SoftwareDistribution and catroot2 reset paths.
developer.terminal-dev-mode,Enable Windows Terminal Developer Features,Developer,Safe,repo-backed,yes,no,no,win-config,terminal,Matched 1 audit token(s) across win-config. These links show where the name came from. Value semantics still come from the research record.
developer.vs-intellisense-cache,VS IntelliSense DisableAutoUpdating Setting,Developer,Safe,repo-backed,yes,no,no,win-config,visualstudio,Matched 1 audit token(s) across win-config. These links show where the name came from. Value semantics still come from the research record.
developer.vs-solution-load,VS Solution BackgroundAnalysis Setting,Developer,Safe,repo-backed,yes,no,no,win-config,visualstudio,Matched 1 audit token(s) across win-config. These links show where the name came from. Value semantics still come from the research record.
developer.vscode-git-autofetch,Disable VS Code Git Autofetch,Developer,Safe,repo-backed,yes,no,no,win-config,explorer;advanced,Matched 2 audit token(s) across win-config. These links show where the name came from. Value semantics still come from the research record.
misc.disable-edge-features,Disable Microsoft Edge Features,Misc,Advanced,repo-backed,yes,no,no,win-config,disables;telemetry;personalization;sync;sidebar;shopping;rewards;other;edge;features;also;edgeui;various,Matched 13 audit token(s) across win-config. These links show where the name came from. Value semantics still come from the research record.
misc.disable-office-telemetry,Disable Microsoft Office Telemetry,Misc,Safe,repo-backed,yes,no,no,win-config,office telemetry;osm;preventedapplications,Mapped to nohuto Office telemetry guidance and Microsoft's Office telemetry privacy documentation.
misc.disable-onedrive,Disable OneDrive,Misc,Advanced,repo-backed,yes,no,no,win-config,disable onedrive,Matched 1 audit token(s) across win-config. These links show where the name came from. Value semantics still come from the research record.
misc.disable-visual-studio-telemetry,Disable Visual Studio Telemetry,Misc,Safe,repo-backed,yes,no,no,win-config,visual studio telemetry;sqm;feedback,"Mapped to the exact nohuto section for Visual Studio telemetry, feedback, and SQM-related registry controls."
misc.optimize-7zip-settings,Configure 7-Zip Context Menu Settings,Misc,Safe,repo-backed,yes,no,no,win-config,7-zip;cascadedmenu;elimdupextract;menuicons;writezoneidextract,Mapped to the exact nohuto 7-Zip settings section and its documented HKCU\\Software\\7-Zip\\Options values.
network.disable-netbios,Disable NetBIOS over TCP/IP,Network,Advanced,repo-backed,yes,yes,no,win-config,disable;netbios;over;disables;enabled;adapters;using;interface;surface;documented,Matched 10 audit token(s) across win-config. These links show where the name came from. Value semantics still come from the research record.
network.flush-dns-cache,Flush DNS Cache,Network,Safe,repo-backed,yes,yes,no,win-config,dns cache;flushdns;ipconfig,Mapped to nohuto DNS cache cleanup guidance and the official ipconfig /flushdns reference.
network.optimize-smb,Configure SMB Workstation Parameters,Network,Safe,repo-backed,yes,yes,no,win-config,lanmanworkstation,Matched 1 audit token(s) across win-config. These links show where the name came from. Value semantics still come from the research record.
network.reset-winsock,Reset Winsock Catalog,Network,Advanced,category-fallback,yes,yes,yes,win-config,,"Official Microsoft netsh winsock documentation is linked, but this tweak stays review-only until a nohuto repo documents it directly."
network.smb-disable-leasing,SMB: Disable Leasing,Network,Advanced,category-fallback,yes,yes,yes,win-config,,"Linked to the closest upstream win-config category docs, but this tweak still needs a stronger tweak-specific upstream match before being considered fully curated."
network.smb-enable-multichannel,SMB: Enable Multichannel,Network,Advanced,category-fallback,yes,yes,yes,win-config,,"Linked to the closest upstream win-config category docs, but this tweak still needs a stronger tweak-specific upstream match before being considered fully curated."
peripheral.audio-disable-ducking,Disable Audio Ducking,Peripheral,Safe,repo-backed,yes,yes,no,win-config;decompiled-pseudocode,audio ducking;userduckingpreference,Mapped to the exact nohuto Audio Ducking section and its UserDuckingPreference behavior.
peripheral.audio-disable-enhancements,Disable Audio Enhancements,Peripheral,Safe,repo-backed,yes,yes,no,win-config;decompiled-pseudocode,disable audio enhancements,"Matched 1 audit token(s) across win-config, decompiled-pseudocode. These links show where the name came from. Value semantics still come from the research record."
peripheral.keyboard-disable-language-hotkey,Disable Language Switch Hotkey,Peripheral,Safe,repo-backed,yes,yes,no,win-config;decompiled-pseudocode,disable language switch hotkey,"Matched 1 audit token(s) across win-config, decompiled-pseudocode. These links show where the name came from. Value semantics still come from the research record."
peripheral.keyboard-optimize-repeat,Set Keyboard Repeat and Cursor Blink Values,Peripheral,Safe,repo-backed,yes,yes,no,win-config;decompiled-pseudocode,keyboard values;keyboarddelay;keyboardspeed;cursorblinkrate,"Mapped to nohuto keyboard value documentation for repeat delay, repeat speed, and related typing behavior."
peripheral.mouse-disable-acceleration,Disable Enhanced Pointer Precision (Mouse Acceleration),Peripheral,Safe,repo-backed,yes,yes,no,win-config;decompiled-pseudocode,mouse values;mousespeed;mousethreshold1;mousethreshold2;mousesensitivity,"Mapped to nohuto mouse value documentation for acceleration, thresholds, and sensitivity settings."
peripheral.mouse-disable-throttle,Disable Mouse Throttling for Background Windows,Peripheral,Safe,repo-backed,yes,yes,no,win-config;decompiled-pseudocode,mouse values;rawmousethrottleenabled;rawmousethrottleduration;rawmousethrottleleeway,Mapped to nohuto mouse value documentation for raw mouse throttling registry values.
power.disable-cpu-idle-states,Disable CPU Idle States (C-States),Power,Advanced,repo-backed,yes,yes,no,win-config;decompiled-pseudocode,writes;idle;state;related;power;registry;values;used;this;tweak;changes;behavior;increase;draw,"Matched 14 audit token(s) across win-config, decompiled-pseudocode. These links show where the name came from. Value semantics still come from the research record."
power.disable-cpu-parking,Disable CPU Core Parking,Power,Safe,repo-backed,yes,yes,no,win-config;decompiled-pseudocode;win-registry,writes;core;parking;related;power;registry;values;used;this;including;latencytoleranceparked;latencytolerancesoftparked;class1initialunparkcount;multiparkgranularity;tweak;power values,Mapped to nohuto power-value research for core parking fields such as Class1InitialUnparkCount and MultiparkGranularity.
power.disable-fast-startup,Disable Fast Startup (Hiberboot),Power,Safe,category-fallback,yes,yes,yes,win-config;decompiled-pseudocode,,"Linked to the closest upstream win-config category docs, but this tweak still needs a stronger tweak-specific upstream match before being considered fully curated."
power.disable-hibernation,Disable Hibernation,Power,Safe,repo-backed,yes,yes,no,win-config;decompiled-pseudocode,disable hibernation;runs;powercfg;hibernate;this;disables;hibernation;removes;hiberfil,"Matched 9 audit token(s) across win-config, decompiled-pseudocode. These links show where the name came from. Value semantics still come from the research record."
power.disable-network-power-saving,Disable Network Adapter Power Saving,Power,Safe,repo-backed,yes,yes,no,win-config;win-registry;decompiled-pseudocode,tcpip;multimedia;systemprofile;networkthrottlingindex;systemresponsiveness,"Matched 5 audit token(s) across win-config, win-registry, decompiled-pseudocode. These links show where the name came from. Value semantics still come from the research record."
power.disable-power-throttling,Disable Power Throttling,Power,Safe,repo-backed,yes,yes,no,win-config;decompiled-pseudocode;win-registry,powerthrottlingoff;power throttling,Mapped to nohuto power-value research for the PowerThrottlingOff policy value.
power.disable-superfetch,Disable Superfetch (SysMain),Power,Safe,repo-backed,yes,yes,no,win-config;decompiled-pseudocode,sysmain;superfetch;enableprefetcher,"Mapped to the exact nohuto SysMain section, with Windows Internals context for Superfetch and prefetch behavior."
power.disable-windows-search,Disable Windows Search,Power,Advanced,repo-backed,yes,yes,no,win-config;decompiled-pseudocode,disable windows search,"Matched 1 audit token(s) across win-config, decompiled-pseudocode. These links show where the name came from. Value semantics still come from the research record."
power.optimize-cpu-boost,Apply Processor Performance Registry Bundle,Power,Safe,repo-backed,yes,yes,no,win-config;decompiled-pseudocode;win-registry,writes;perfboostatguaranteed;highperfdurationboot;latencytolerancedefault;perfcalculateactualutilization;values;under;power,"Mapped to nohuto power-value research for PerfBoostAtGuaranteed, HighPerfDurationBoot, and related boost fields."
power.optimize-gaming-network,Set MMCSS Games Task Profile,Power,Safe,category-fallback,yes,yes,yes,win-config;decompiled-pseudocode,,"Linked to the closest upstream win-config category docs, but this tweak still needs a stronger tweak-specific upstream match before being considered fully curated."
power.optimize-performance,Apply Grouped Power-Control Registry Bundle,Power,Advanced,repo-backed,yes,yes,no,win-config;decompiled-pseudocode;win-registry,power;coalescingtimerinterval;deepiocoalescingenabled;eventprocessorenabled;latencytoleranceparked;latencytolerancesoftparked;energyestimationenabled,"Mapped to nohuto power-value research covering timer coalescing, deep IO coalescing, parking, and energy-estimation fields."
privacy.deny-app-access,Deny App Access (Except Microphone),Privacy,Risky,repo-backed,yes,no,no,win-config,policies;allowuserinfoaccess;appprivacy;letappsaccessaccountinfo;letappsaccesscalendar;letappsaccesscallhistory;letappsaccesscamera;letappsaccesscontacts;letappsaccessemail;letappsaccessgraphicscaptureprogrammatic;letappsaccessgraphicscapturewithoutborder;letappsaccesshumanpresence;letappsaccesslocation;letappsaccessmessaging;letappsaccessmicrophone;letappsaccessmotion;letappsaccessnotifications;letappsaccessphone;letappsaccessradios;letappssyncwithdevices;letappsaccesstasks;letappsaccesstrusteddevices;letappsruninbackground;letappsgetdiagnosticinfo;letappsaccessgazeinput;letappsactivatewithvoice;letappsactivatewithvoiceabovelock;letappsaccessbackgroundspatialperception,Matched 28 audit token(s) across win-config. These links show where the name came from. Value semantics still come from the research record.
privacy.disable-application-compatibility,Disable Application Compatibility,Privacy,Risky,repo-backed,yes,no,no,win-config,disable application compatibility,Matched 1 audit token(s) across win-config. These links show where the name came from. Value semantics still come from the research record.
privacy.disable-ceip,Disable CEIP,Privacy,Advanced,repo-backed,yes,no,no,win-config,disable ceip,Matched 1 audit token(s) across win-config. These links show where the name came from. Value semantics still come from the research record.
privacy.disable-cross-device-experiences,Cross-Device Sharing,Privacy,Advanced,category-fallback,yes,no,yes,win-config,,"Linked to the closest upstream win-config category docs, but this tweak still needs a stronger tweak-specific upstream match before being considered fully curated."
privacy.disable-f1-help,Disable F1 Help,Privacy,Advanced,repo-backed,yes,no,no,win-config,disable f1 help,Matched 1 audit token(s) across win-config. These links show where the name came from. Value semantics still come from the research record.
privacy.disable-find-my-device,Disable Find My Device,Privacy,Safe,repo-backed,yes,no,no,win-config,disable find my device,Matched 1 audit token(s) across win-config. These links show where the name came from. Value semantics still come from the research record.
privacy.disable-inking-typing-personalization,Disable Inking & Typing Personalization,Privacy,Advanced,repo-backed,yes,no,no,win-config;win-registry,policies;textinput;allowlinguisticdatacollection;windowsinkworkspace;allowsuggestedappsinwindowsinkworkspace;allowwindowsinkworkspace,"Matched 6 audit token(s) across win-config, win-registry. These links show where the name came from. Value semantics still come from the research record."
privacy.disable-offline-files,Disable Offline Files,Privacy,Advanced,repo-backed,yes,no,no,win-config,disable offline files,Matched 1 audit token(s) across win-config. These links show where the name came from. Value semantics still come from the research record.
privacy.disable-sleep-study-diagnostics,Disable Sleep Study Diagnostics,Privacy,Advanced,repo-backed,yes,no,no,win-config;decompiled-pseudocode,winevt;channels;sleepstudy;diagnostic;enabled;kernel;processor;power;usermodepowerservice,"Matched 9 audit token(s) across win-config, decompiled-pseudocode. These links show where the name came from. Value semantics still come from the research record."
privacy.disable-suggestions,Disable Suggestions & Tips,Privacy,Safe,repo-backed,yes,no,no,win-config,contentdeliverymanager,Matched 1 audit token(s) across win-config. These links show where the name came from. Value semantics still come from the research record.
privacy.disable-suggestions-cdm,Disable Content Delivery Manager Suggestions,Privacy,Safe,repo-backed,yes,no,no,win-config,contentdeliverymanager,Matched 1 audit token(s) across win-config. These links show where the name came from. Value semantics still come from the research record.
privacy.disable-wmplayer-telemetry,Disable Windows Media Player Telemetry,Privacy,Advanced,repo-backed,yes,no,no,win-config;win-registry,mediaplayer;preferences,"Matched 2 audit token(s) across win-config, win-registry. These links show where the name came from. Value semantics still come from the research record."
security.disable-system-mitigations,Disable System Mitigations,Security,Risky,category-fallback,yes,yes,yes,win-config,,"Linked to the closest upstream win-config category docs, but this tweak still needs a stronger tweak-specific upstream match before being considered fully curated."
security.disable-uac,Disable UAC (Full),Security,Risky,category-fallback,yes,yes,yes,win-config,,"Linked to the closest upstream win-config category docs, but this tweak still needs a stronger tweak-specific upstream match before being considered fully curated."
system.disable-service-splitting,Disable Service Splitting,System,Advanced,repo-backed,yes,yes,no,win-config;decompiled-pseudocode,svchostsplitthresholdinkb,"Matched 1 audit token(s) across win-config, decompiled-pseudocode. These links show where the name came from. Value semantics still come from the research record."
system.dwm-disable-mpo,DWM: Disable Multiplane Overlay (MPO),System,Advanced,repo-backed,yes,yes,no,win-config;decompiled-pseudocode,overlaytestmode,"Matched 1 audit token(s) across win-config, decompiled-pseudocode. These links show where the name came from. Value semantics still come from the research record."
system.graphics-disable-overlays,Graphics: Disable Overlay Planes,System,Advanced,repo-backed,yes,yes,no,win-config;decompiled-pseudocode,graphicsdrivers;disableoverlays,"Matched 2 audit token(s) across win-config, decompiled-pseudocode. These links show where the name came from. Value semantics still come from the research record."
system.graphics-page-fault-debug-mode,Graphics: Page Fault Debug Mode,System,Advanced,repo-backed,yes,yes,no,win-config;decompiled-pseudocode,graphicsdrivers;pagefaultdebugmode,"Matched 2 audit token(s) across win-config, decompiled-pseudocode. These links show where the name came from. Value semantics still come from the research record."
system.kernel-adjust-dpc-threshold,Kernel: Adjust DPC Threshold,System,Advanced,repo-backed,yes,yes,no,win-config;decompiled-pseudocode,session;manager;kernel;adjustdpcthreshold,"Matched 4 audit token(s) across win-config, decompiled-pseudocode. These links show where the name came from. Value semantics still come from the research record."
system.kernel-cache-aware-scheduling,Kernel: Cache-Aware Scheduling,System,Advanced,repo-backed,yes,yes,no,win-config;decompiled-pseudocode,session;manager;kernel;cacheawarescheduling,"Matched 4 audit token(s) across win-config, decompiled-pseudocode. These links show where the name came from. Value semantics still come from the research record."
system.kernel-default-dynamic-hetero-cpu-policy,Kernel: Default Dynamic Hetero CPU Policy,System,Advanced,repo-backed,yes,yes,no,win-config;decompiled-pseudocode,session;manager;kernel;defaultdynamicheterocpupolicy,"Matched 4 audit token(s) across win-config, decompiled-pseudocode. These links show where the name came from. Value semantics still come from the research record."
system.kernel-disable-low-qos-timer-resolution,Kernel: Disable Low QoS Timer Resolution,System,Advanced,repo-backed,yes,yes,no,win-config;decompiled-pseudocode,session;manager;kernel;disablelowqostimerresolution,"Matched 4 audit token(s) across win-config, decompiled-pseudocode. These links show where the name came from. Value semantics still come from the research record."
system.kernel-dpc-queue-depth,Kernel: DPC Queue Depth,System,Advanced,repo-backed,yes,yes,no,win-config;decompiled-pseudocode,session;manager;kernel;dpcqueuedepth,"Matched 4 audit token(s) across win-config, decompiled-pseudocode. These links show where the name came from. Value semantics still come from the research record."
system.kernel-dpc-watchdog-period,Kernel: DPC Watchdog Period,System,Advanced,repo-backed,yes,yes,no,win-config;decompiled-pseudocode,session;manager;kernel;dpcwatchdogperiod,"Matched 4 audit token(s) across win-config, decompiled-pseudocode. These links show where the name came from. Value semantics still come from the research record."
system.kernel-ideal-dpc-rate,Kernel: Ideal DPC Rate,System,Advanced,repo-backed,yes,yes,no,win-config;decompiled-pseudocode,session;manager;kernel;idealdpcrate,"Matched 4 audit token(s) across win-config, decompiled-pseudocode. These links show where the name came from. Value semantics still come from the research record."
system.kernel-minimum-dpc-rate,Kernel: Minimum DPC Rate,System,Advanced,repo-backed,yes,yes,no,win-config;decompiled-pseudocode,session;manager;kernel;minimumdpcrate,"Matched 4 audit token(s) across win-config, decompiled-pseudocode. These links show where the name came from. Value semantics still come from the research record."
system.kernel-serialize-timer-expiration,Kernel: Serialize Timer Expiration,System,Advanced,repo-backed,yes,yes,no,win-config;decompiled-pseudocode,session;manager;kernel;serializetimerexpiration,"Matched 4 audit token(s) across win-config, decompiled-pseudocode. These links show where the name came from. Value semantics still come from the research record."
