id,name,category,coverage_state,source_repositories,summary
cleanup.eventlog-system,Clear System Event Log,Cleanup,category-fallback,win-config,"Linked to the closest upstream win-config category docs, but this tweak still needs a stronger tweak-specific upstream match before being considered fully curated."
network.reset-winsock,Reset Winsock Catalog,Network,category-fallback,win-config,"Official Microsoft netsh winsock documentation is linked, but this tweak stays review-only until a nohuto repo documents it directly."
network.smb-disable-leasing,SMB: Disable Leasing,Network,category-fallback,win-config,"Linked to the closest upstream win-config category docs, but this tweak still needs a stronger tweak-specific upstream match before being considered fully curated."
network.smb-enable-multichannel,SMB: Enable Multichannel,Network,category-fallback,win-config,"Linked to the closest upstream win-config category docs, but this tweak still needs a stronger tweak-specific upstream match before being considered fully curated."
power.disable-fast-startup,Disable Fast Startup (Hiberboot),Power,category-fallback,win-config;decompiled-pseudocode,"Linked to the closest upstream win-config category docs, but this tweak still needs a stronger tweak-specific upstream match before being considered fully curated."
power.optimize-gaming-network,Set MMCSS Games Task Profile,Power,category-fallback,win-config;decompiled-pseudocode,"Linked to the closest upstream win-config category docs, but this tweak still needs a stronger tweak-specific upstream match before being considered fully curated."
privacy.disable-cross-device-experiences,Cross-Device Sharing,Privacy,category-fallback,win-config,"Linked to the closest upstream win-config category docs, but this tweak still needs a stronger tweak-specific upstream match before being considered fully curated."
security.disable-system-mitigations,Disable System Mitigations,Security,category-fallback,win-config,"Linked to the closest upstream win-config category docs, but this tweak still needs a stronger tweak-specific upstream match before being considered fully curated."
security.disable-uac,Disable UAC (Full),Security,category-fallback,win-config,"Linked to the closest upstream win-config category docs, but this tweak still needs a stronger tweak-specific upstream match before being considered fully curated."
